{"stft_features": [64.599609375, 236.865234375, 732.12890625, 1184.326171875, 1981.0546875, 430.6640625, 968.994140625, 2088.720703125, 1873.388671875, 1593.45703125, 1765.72265625, 1421.19140625, 2217.919921875, 2433.251953125, 861.328125, 6093.896484375, 2562.451171875, 1076.66015625, 7924.21875, 2885.44921875, 7192.08984375, 3036.181640625, 3725.244140625, 3940.576171875, 5813.96484375, 4220.5078125, 4457.373046875, 4091.30859375, 12403.125, 6890.625, 2734.716796875, 4629.638671875, 9819.140625, 3574.51171875, 4737.3046875, 3208.447265625, 6373.828125, 3402.24609375, 8462.548828125, 8311.81640625, 11412.59765625, 6610.693359375, 4888.037109375, 7558.154296875, 0.0, 0.0, 0.0, 0.0, 0.0, 0.0, 0.0, 0.0, 0.0, 0.0, 0.0, 0.0, 0.0, 0.0, 0.0, 0.0, 0.0, 0.0, 0.0, 0.0, 0.0, 0.0, 0.0, 0.0, 0.0, 0.0, 0.0, 0.0, 0.0, 0.0, 0.0, 0.0, 0.0, 0.0, 0.0, 0.0, 0.0, 0.0, 0.0, 0.0, 0.0, 0.0, 0.0, 0.0, 0.0, 0.0, 0.0, 0.0, 0.0, 0.0, 0.0, 0.0, 0.0, 0.0, 0.0, 0.0], "mellin_features": [0.6709338437941886, 0.9130000654136894, 0.7297400528407231, 0.8394258214110298, 0.5914894093698232, 0.5362620630275144]}